id,tags
1,approach controller soccer spin robot
2,hobby cost servo
3,cons pros robot gaits
4,project robotics microcontrollers
5,configuration data structure space
6,robotics systems software
11,pcb field robotics software
18,process noise kalman-filters methods
19,control map scalar keyboard movement
20,soccer ideas ball robot
23,object avoidance
25,propeller quadcopter motor combination
26,web pieces
37,map localization
39,xtion pros robot kinect live cons input gesture
42,robot conditions tread road tyre
43,robot algorithm gyroscope
44,dimensions glider
46,battery account type weight size
48,protect damage components vibration
49,fix gps
53,map sensors number algorithm area
55,sinking heat servo
57,robot motor
60,move gyroscopes robot
65,efficiency wheels mecanum
75,pins connection arduino
85,grip wire gripper actuation pressure shape memory alloy arm
88,caster design wheels
91,actuator amount noise produces
93,signals sensor drive hall
94,libraries bit
99,interrupts avr
100,connectors
106,model robots
112,emergency stops
113,sensor range noise return
117,point connectivity difference planning graph
118,mindstorms firmware lego
119,wheels center robot
128,robotics programming mature
131,microcontrollers
138,prerequisites robotics student
142,mobile-robots technology systems
143,controller frequency loop servo
146,bearings material rail
148,kinect nao robot
150,leaks bots motor shafts
154,point arithmetic microcontrollers
155,imu robot
167,loops strategies
172,absolute gps
178,hmms robots environment crfs time-series data
182,control joint muscle algorithm air
184,trends robotics
205,actuator linear
209,matches icp quality
210,fly parameters
213,project phone robotics
215,advice robots microcontrollers
222,paths segmentation floor
229,python output ros error
230,raspberry
231,frequency update loop
235,rotors batteries multicopter center
237,buffer speed requirements communications
249,sensor force work torque
254,motors system servo
255,beginner roboticist experience kit
256,quadcopter beacon localization
261,brushless commutation motor
262,mobile-robot effectiveness relation
267,motors capacitors purpose
271,uavs
274,control interfaces servo
277,kalman-filter
284,actuator type robot-arm
287,javascript robots
299,problem inverse-kinematics
301,function trajectory spline drive
309,subsumption architecture robot
317,robotics machines
323,problem ipc-bridge
327,walking algorithms
331,communication error
338,maneuvers list platform
341,longevity tendon
342,mistakes robots
344,robot joint range values orientations position
354,subsumption area architecture research
358,motion range constraints
359,performance kind calibration kalman-filter localization
361,reinforcement line robot learning
369,inverse-kinematics reinforcement techniques
380,interface command robot-arm processor preference
382,sensors data
390,fingers glove imus measurement position data posture
397,basics robotics resources
403,project state google
405,reckoning accelerometer
413,quadcopter controller radio questions
416,servos number power
419,magnetometer gyros accelerometer ins
431,java inverse-kinematics
433,odometry options
436,robot
442,effects motor compass
445,stereo cameras clouds point
446,machine torque cnc
453,battery
461,control represent poles
463,driver motor
469,implementation obstacles navigation robot
472,beginnings
474,rs
478,control stepper parameters motor
479,particle filters
483,strategies systems power mobile-robots
488,function ros matlab system
494,nxt mindstorm alternatives
497,bucket behavior robot-arms brigade
499,part pid-controller
502,place videos
504,wheel motors drive robot
511,wifi code shield juniper arduino
512,robotics
519,step gain
520,print lens
521,matrix inverse-kinematics
524,phase esc motors
530,ide rainbowduino arduino
531,imu ins
533,concept robot
535,board
541,wheels tracks treads
543,robotics quadcopters configurations
550,compass
554,quadcopter capacity weight battery lipo trade
556,sufficient displacement accelerometer ins
558,wheels designers tracks mars
565,sensorkinect libfreenect openni
566,decision inverse-kinematics trees
568,microcontroller network
578,nxt language
583,inverse-kinematics contraints
585,robota
599,term slam
602,battery motors tank treads vex
603,tracks treads rate
609,raspberrypi api robot
613,motors
616,limit arduino
619,esc reverse mode
623,regulator arduino capacitors power sets
627,board card
628,room algorithm robot program cleaning implement
634,battery
636,damage motor hand
637,polarity electronics extremes voltage
641,book mechanisms
642,mma values accelerometer
646,mems calibration
649,cost optimality guarantee clearance
650,bluetooth receiver
653,limitations mindstorms java
654,kinect windows difference xbox
656,robotic-arms
667,robotics system raspberry
671,task check exists
672,follow line sensors
679,rovers
684,circuit power
687,kinect robotics
689,motion control routing cable system
690,motion models noise measurement
693,ros roomba
696,instances projects kilobot
697,standalone robotics simulator
704,wifly
709,motors
712,simulator
716,model fitting library
718,top computer vision object
725,squares
726,quadrotor target
730,controller method pan
734,maps
736,communication robotic-arm
738,rate lag methods hysteresis
741,process noise data sets
748,amps bec
751,variables robotc
757,watts torque robot motor
758,valley people spectrum autism
763,differences kinematics steering tricycles
764,maps point relationship cloud graph
768,quadcopter
775,design robotic-arm
777,knob
780,reasons activities robots
783,xmos epiphany multicore benefit processor
788,body bots
790,toy move technology forwards
795,series modems
797,vendor plans devices
801,positions optimisation network walk
807,system realtime
810,sensors vex analog port
812,motor vehicle
815,control motor arduino
819,wheel chair encoders
826,software animation robots movements
829,control model manipulators siso feedback
832,controller data brick
835,injection mold
838,control flight microcontroller esc
839,sonar sensors obstacle avoidance
840,building tool kinematics robots
845,objects space
848,bit times loop address
851,control pendulum
854,sensors drive
857,filter seed kalman-filter particle
863,line assembly
865,position stepper motor slippage
869,joint robotic-arm
872,gyro airplane flight system stabilization
873,quadcopter kinect mapping
876,remote
878,sketchup
882,grab force bars measurement
883,webots speed movement
884,windows laser matlab
885,prototype board arduino
891,arduino station nano ground
892,camera precision calibration
896,stereo cameras system vision
897,control voltage motor arduino
900,load configuration workspace task
907,scanner axis
908,slot work makeblock
909,device gps
913,torque power
918,kinect data drive
921,arduino screen module camera video android
922,design speed target
924,ram arm
939,motors torque
940,parameters link angles logic kinematics matrices transformation
946,table edge
948,opposite
952,obstacles grid space
953,ardrone pwm parrot
954,servos servo library arduino
957,adhesion robot wall-climbing
963,kinect rotation gazebo bug
964,motion model kalman-filter
965,nrf firmata
970,imu values magnets
975,space probes
976,approach gait
979,quadcopter bec esc
984,device error
985,hbridge esc motor
987,communication problem avr
989,localisation filter particle
993,land models ins augmentation vehicle gps
994,kalman-filters
997,work robot
998,pwm motors response high-frequency
999,servos steppers torque
1005,solenoid power
1006,series taylor expansion ekf
1011,batteries time
1014,art robot
1018,controller servos voltage
1020,line robot
1021,miniature joystick reverse
1023,quadruped considerations servo motor
1025,ros data
1032,control
1033,position physical servo quantity
1036,web vehicles mapping robots
1037,robot drive
1039,supervisor robot position webots handle problem
1046,skills fusion sensor
1047,source fusion code explanatory snippets
1049,applications gps gsm module arduino
1050,rovers temperatures space
1051,direction objects terms orientation
1056,building robot tripod gait
1060,bit microcontroller robot
1064,device motors fit
1066,parameters
1068,mindsensor jump run motor
1069,output loads motor
1072,robot
1074,brushless motors propellers
1078,cord distance string
1082,robot-arm height
1083,frames link parameters
1086,rotation servo range motor
1089,system reference transformation
1091,control feedback python image processing libraries raspberry
1092,python alternatives kinematics algebra
1097,sensors data stage
1100,robots machines
1110,distance robots
1113,torque
1117,map disparity correspondences
1120,test robot
1128,motor
1130,linkage
1132,programmers kits robotics beginner
1143,tlc motors
1145,food grains
1148,aka robotics programming equation algorithm
1153,robotics
1158,change equation end-effector rate coordinates
1160,raspberrypi signals gamecube
1163,battery
1167,flow rate viscosity pump fluid
1170,environment path model gazebo variable
1174,robot
1175,controller speed rate refresh
1178,microcontroller speed calculate
1180,filter information approach
1181,fusion tracking sensor multiobject level
1182,light systems
1192,maze robot algorithm
1195,rover poster exploration mars opportunity spirit size
1198,braille interface
1200,wire robot hand movement
1202,bearing problem vibrations air
1205,shaft supports plastic
1207,channels rx-tx arduino
1209,quadcopter
1211,position kind sensor
1214,propulsion elevator cable space
1218,conveyor objects orientation belt
1219,drone
1221,control arduimu quadrotor
1227,pins input analog
1229,interrupts pwm timers limits
1232,line robot library arduino
1235,body
1246,controller quadrocopter
1249,strength speed skeleton wearer danger
1253,control difference systems
1257,windows angstrom beaglebone
1259,amount powder liquid
1263,osx lion ros mountain
1266,function reward results learning
1270,stepper motor
1274,control remote
1276,load motors drive
1277,rgb airbrush colors robot
1279,robot arduino
1286,units benefit set sensitivities
1290,code arduino kinect servos arm issues
1294,mechanics drift
1299,sensor data shield send arduino
1301,servo signs
1302,rocker rotation ratio system rocker-bogie
1305,robots
1306,joints servos
1314,visualizing ekf
1315,non-vision target
1318,robotics location
1320,problem
1324,source power motor
1327,driver specs motor
1329,battery pack
1332,multicopter odd
1334,arduino
1336,measurements association objects
1339,permission
1342,source like robot projects sci-fi
1344,carbon fiber aluminum
1346,rpms motors seaperch
1348,camera mapping vision system
1349,perimeter lawn alm working area mower wire
1350,compounds pesticide odor robotics system detection swarm
1356,rules linear parameters system
1367,multirotor orientation prop
1369,rotation drive robot center
1370,prop tricopters orientation
1378,gyros ardupilot telemetry
1383,modeling software interaction parts robot
1388,unit
1391,robot arduino
1392,magnetometer loop
1393,person
1394,issue
1399,accelerometor
1400,data video overlaid stream
1408,buttons ethernet
1413,chatbot raspberry processor
1414,conundrums robots
1416,battery life reliability robots durability
1417,swipe touchscreens move robot hand keyboard mouse click
1419,kinect map robot
1427,quadrotor
1429,tilt bracket stepper pan motor
1435,distance laser scanner
1437,efficient quadcopter frame
1440,commutation sinusoidal
1443,systems
1445,ardupilot data port
1448,loops maze algorithm mazes
1449,units sensor noise data measurement
1450,raspberry arduino
1454,ethernet shields motor
1455,algorithm color robot water painting fill
1457,quadcopter build
1463,power motor
1466,quadcopter application underwater
1475,school cons level robotics pros kits
1483,trajectory constraints
1489,barcode identification refrigerator
1492,source electronics power actuators
1494,machine piston filling
1496,ardupilot difference board pins pwm ground
1500,thionyl lithium chloride batteries
1503,python modules motor movement
1514,speed motor
1515,device persistence vision
1517,pattern openni kinects
1518,obstructions ability lidar
1519,communication
1524,line optimization
1525,filter vision particle
1530,volt leds
1538,motion
1544,tutorials arduino
1547,environment objects
1552,tricopters quadcopters
1554,track object moving
1562,motion work tricoptor quadcoptor
1564,file
1567,h-bridges
1570,bias accelerometer removal
1571,drop spider
1579,sensitivities accelerometer calibration
1581,battery robot motor
1582,control interference transmitter video radio
1584,sonar crosstalk
1589,existence fusion object probability
1590,function transfer
1595,motors gears servo
1598,circle robotic-arm
1602,steering mechanism
1603,wavefront algorithm
1607,limits
1610,motion lan sensor circuit
1613,selection driver motor
1614,output quadrotor noisy
1615,audio robot crowd
1618,draw beaglebone power
1622,elbow joints exo-skeleton socket
1627,brushless motors quadcopters
1630,conveyor time motor belt
1633,kinect data
1634,velocity angle ratio
1637,paper line work follower robot
1638,specifications steppers torque
1642,robotic-arm
1644,rotor torque
1649,sonar arducopter data arduino
1653,position drive robot
1654,machine difference robot
1658,compensation slip micromouse
1660,machine vending milk homemade
1666,surfaces object
1670,rubber feet
1676,behaviour control motor
1678,movement robot crawling
1680,commands management
1682,gear vehicle
1684,impact force arm wind
1687,modules enclosures
1693,batteries motors
1695,units quadcopter control system
1697,converter arduino
1707,webcam camera wifi
1711,straight approach robot
1712,cars difference motors helicopters
1717,filter parameter
1724,dispenser micro fluid
1728,distribution sensors robot
1729,environment changing
1730,kinematics robot
1737,h-bridge microcontroller
1743,gprs sms module command address gsm sim
1745,tools robot modelling
1750,modeling design tricopters calculations
1753,guid microcontroller number
1755,hardware ardupilot signature arduino
1757,pair laser photosensor
1758,interrupt polling timer
1765,gps place antenna vehicle
1766,noise kalman-filter
1767,control input kalman-filter
1774,range objects laser finder pseudo-segments
1775,position piston
1776,commands ros
1777,versus gyro multiple accelerometer accelerometers
1782,actuator design
1787,device text torobot
1790,interface controller motor
1791,brushless motor
1795,swarm robots
1797,thumb analog stick
1806,sketchyphisics sketchup google gears
1808,actuator torque sensor design
1811,swarm
1813,parts systems software
1815,roller friction movement
1826,rpm motors
1831,quadcopter model parameters simulink calculations
1835,type motor robotic-arm
1837,platform
1838,quadcopter pitch flight effect roll
1839,frame servoing reference
1844,quadcopter flow
1853,servo
1856,suggestions recognition
1857,sonar applications transducer
1858,coordinate accelerometers system
1861,dead-reckoning question robot localization
1863,suggestion robotic-arm
1864,razor imu arduino
1874,rover code algorithms examples
1876,map depth raspberry
1877,bot image processing video
1881,robotics language
1884,simulator quadcopters simulations
1895,data-glove mega arduino
1897,bicycle gears mechanism
1899,sensors brushless servo hall
1901,map localization
1903,prototyping plywood substitute polyoxymethylene
1904,mecanum wheels strafing
1909,bootloader isp burning arduino
1910,switch computer
1911,platforms encoders rover
1918,ubuntu morse simulator
1919,cables motor
1924,ideas robot
1925,coordinate system transformation
1927,loading motor
1931,store place servo motor thrift
1934,control field brushless motors
1935,window sliding
1944,printing arc welder
1946,quadrotors camera slam algorithm
1947,acceleration speed wise motor
1949,odometry sensor algorithms
1954,range material sensor thickness
1955,algorithm space obstacle planning path avoidance
1959,torque stepper driver
1965,telemetry
1966,training detectors computer vehicle data vision
1974,sensors
1976,usage sonar multibeam pool environment
1978,bma accelerometers
1979,pymavlink mavlink parameters tlog
1981,radio rangefinder accuracy
1983,career mechanics robotics
1985,landmarks slam
1991,cameras swissranger fog
1992,model observation jacobian
1995,controller motor
1997,freedom robot degrees jacobian position singularity
2000,property covariance kalman-filter update
2009,state question
2011,rover speed
2018,mega arduino robots board atmega roboduino
2021,ardupilot telemetry
2022,computer robotics influence future systems technology
2024,netbook
2027,odometry ros data amcl
2028,loops time arduino
2031,data matrix covariance calculate
2032,rocker suspension stability bogie
2034,printer gears
2036,rates
2039,quadrotor identification
2042,stepper motors power supply
2045,create questions
2048,control rover speed encoder
2053,behavior pin
2056,error
2062,guidance loop chain forces
2063,press arduino
2068,raspberry power surge
2074,omron pins relay
2075,filter implementation ros particle
2077,recommendations head contact system desk
2081,material protection
2083,print debounce code type
2084,bag ros file localization
2087,base movement
2088,tetrix servos robotc
2089,code ey
2090,aluminium wifi
2091,control esc arduino
2096,armatures simulator
2098,sensors data faster gps
2101,model flight uav
2104,filter survival probability particle
2105,beacon sensor degree
2106,butler s
2109,pomdps robotics
2110,quadcopter transmitter arduino
2111,countries
2114,sending parameters
2117,frames robotics dof arm
2119,box robot plastic
2121,states matrix particle quaternions attitude filter
2124,sonar image multibeam imaging retrieval
2127,electronics intro
2130,image rectification transform angles
2131,colour sensor line robot
2132,python pyusb programing
2133,angle drive robot
2135,algebraic geometric
2138,move distance ros robot atrv
2145,openni sdk
2146,accelerometer calibration
2147,interface camera cmos module arduino
2148,continuous
2149,map laser kalman-filter
2151,controller
2156,robot
2158,brain robot
2159,airplane computer combat
2165,spp phone compatibility
2167,quadcopter instability mode takeoff
2173,kinect data rviz
2180,lawn mower type robot cutter
2182,speech recognition
2186,bootloader arduino
2189,autopilot apm pixhawk
2192,range sensor
2195,robot re-calibration
2196,robots microcontrolers
2197,boat
2205,control bldc motors speed
2209,motors types
2215,robotics work
2216,rubber bands wheels method
2217,access windows pic programming
2218,braking motors purpose
2222,building entrepreneur businesses robots
2224,kinect sensor board
2227,quadcopter configuration
2228,brushless motors events
2234,events commutation
2236,space navigation collision planning path computercraft avoidance minecraft mod
2244,quadcopter orientation
2245,state vector kalman-filter noise
2250,manipulator inverse-kinematics algorithm
2251,difference particle filters
2256,switch
2261,motion rotations number axis
2262,sensors strength
2263,quadcopter position measurement accelerometer gps
2264,intelligence robotics
2273,python raspberry servo arduino
2274,low-resolution target pattern object library recognition
2277,step motors
2279,path wheels robot
2283,orrery emulation
2289,dynamics manipulator
2290,quad stablility
2295,model humanoids power
2297,quadcopter pid
2298,accelerometer gyro compass position sensor accuracy
2299,robotics side software
2304,seats system auditorium
2315,kalman-filter
2321,imu sensor
2322,specifications rating quadcopter motor
2324,kinematics drive robots
2326,problem sensor matlab
2330,route fmu module
2331,basics aspects kalman-filter
2336,electronics
2337,localization
2341,finders range objects angle
2345,interface beaglebone
2347,kuka tasks robots costs systems vision
2348,motor movement
2350,urine noses dog
2356,line program follower robot
2357,cons rescue pros robot wireless technologies
2361,explanation kalman-filter
2362,actuator valve steam
2363,platform camera
2365,ekf covariance matrix
2371,quadcopter yaw movement
2373,vision localization
2374,angle camera homography pose
2376,kinect xbox selection sdk
2379,water sonar depth sensor arduino
2382,motion model robot
2387,quad
2394,solutions lidar
2396,robots two-motor
2402,wheel motor encoder
2409,connections baby board
2411,part candy
2413,robotics analysis
2416,quadcopter fpv motors
2418,quadcopter carbon fiber props plastic
2421,nxt program
2422,space
2423,propeller specifications
2424,quadcopter phone arducopter adk apm
2426,turningy
2433,motors torque stepper aluminium milling
2434,clone makerbeam
2435,jsp container systems
2443,ends loop belt
2445,transformation robot
2446,helicopter computer connect
2453,components quadrocopter
2456,collision avoidance
2458,study robotics
2462,raspberry roomba cable ftdi
2465,depth cameras alternatives
2470,gps
2476,propellers benefits number
2478,sensor ros driver
2480,track bearing spindle
2481,program video openni
2486,control velocity robot language
2488,model noise
2489,angle arm
2491,sensors line
2494,slam
2498,wheels kinematics standard
2499,control function dynamics
2504,method inverse-kinematics
2507,robotics beginner
2508,objects
2510,slam vision resources
2511,readings difference sensor real-time
2519,cheaply accelerometer
2524,fan power
2526,engineering robotics
2530,command
2531,operating system
2542,range rotation coupling
2545,commands arduino
2552,cube movements
2553,touch input access ipad robot
2555,transfer image protocol
2556,covariance
2559,propellers
2563,xbee adapter wifi bee
2564,arrival wireless location time device axis
2570,specifications account ratio gear servo
2571,position sensor
2575,control error
2580,robot simulator
2587,pins data usb
2588,robotics ros
2591,wrist robot parameters
2593,motors robots
2594,converter
2595,control hc arduino firmata
2596,atlas reference
2597,libraries sensor data software
2600,connection problem
2604,control trajectory drive
2606,lpc arm questions cortex
2609,frequency arduino
2610,function directive pragma pidcontrol config robotc
2613,rigid-body model drive robots
2619,draw peak servo tester
2620,bandwidth noob measurement
2628,project idea
2631,parts quadrocopter
2635,battery max
2637,profile speed
2639,wheel raspberry robot
2641,time response nano arduino
2642,filter information measurements lidar encoder
2643,quadcopter hover
2644,motor encoder
2649,pcduino cloud point
2652,quadcopter build questions
2657,sensors
2661,states kalman-filter time
2667,robotics yard
2668,quadcopter drift side
2671,control compliance link robot matlab
2672,mcbl controller
2673,estimation ego-motion
2676,torque servo measure
2677,surveillance vehicle
2680,length base torque
2683,quadcopter altitude hold barometer accelerometer
2687,thrust quadcopter motors
2692,radio ardupilot data
2694,drive servo pluto
2695,light options source
2696,sensors flight architecture
2698,generation filter number particle
2700,battery mains system voltage
2701,representation degrees coordinates gps
2702,motion node calculate robotic-arm
2704,speed
2706,computer vision
2708,position fusion estimates
2712,raspberry power issues
2713,colour driver sensors motor
2714,localisation precision system
2715,wider distance proximity sensor range
2719,bridge rover
2720,play cons pros
2723,scara arm lead choices
2724,pose precision range solutions estimation method
2726,profile max difference motor velocity
2729,serial solution chain inverse-kinematics
2730,wifibee command arduino
2731,prediction approaches simulator step localization
2744,approaches cameras sensing batch
2747,problems movement
2748,distance sensor arduino
2754,part
2758,representation advantages
2760,matrices manipulator dof
2761,realterm data
2767,problem advice segway
2768,drive pid-controller
2769,wheel rover encoders
2771,mobile-robot point
2772,quadcopter mixing throttle speed
2774,datasheet gy
2781,propeller quadcopter motor combination
2782,hobby wire gauge robot question
2787,position data
2794,battery solder crimp
2798,europe create
2800,output setpoint
2801,channels number copter
2802,radio-control mountains dozens kilometers
2807,control law theory
2812,quantum field robotics role computing
2822,suggestions kit
2826,kalman-filter
2828,button presses
2829,surfaces drive robot
2832,robot power supply
2834,gyro robot encoder
2837,control kind motor encoder
2841,turret
2847,magnetometer gyro fusion sensor accelerometer
2848,ctl controller port motor
2849,quadcopter place
2850,specifications rpi stepper motor arduino
2852,twisting cables
2854,patterns create set drones
2860,arm
2865,range sensor finder
2868,control drive robot
2870,actuator flow flour
2871,slam data association
2873,drive
2875,sensors robot arduino
2876,tension devices cable
2879,electrovalve
2882,framework library rock
2885,construction material pic system
2889,manipulator dof equilibrium
2890,bottles liquid
2891,millivolts voltage mega arduino
2894,robots kind motors controller silent
2897,data cget
2899,battery bunch packs
2902,house heading solutions position
2904,webserver pic
2905,quadcopter effect
2908,firmware imu
2915,pole effect
2918,controllers suggestions motor
2919,nicolas approach system
2920,pid-controller
2921,servos
2925,controller
2930,self-level settings
2931,control quad attitude
2933,support java
2935,function transfer root loop locus
2936,bots strategy area
2937,zeroes function transfer step poles response
2939,function step peak
2940,design effort
2945,map robot
2948,placement method
2949,actuation conversion blades
2961,muscles ratio
2963,robotics raspberry-pi arduino
2964,quadcopter output pid
2966,parts robotic-arm
2968,cascade controller method
2970,test rig amount torque
2972,function transfer controller motor
2976,controller torque motor mega arduino
2980,definition controller
2981,services cutting plastic
2982,considerations set paths tables memory performance robotc
2983,wheel shaft disc
2987,brushless encoder sensors motor hall
2988,control voice solution linux robot
2990,step localization
2998,torque
3006,distance scans quality mobile-robot
3007,robotic-arm
3013,controllers speed brushless motors
3016,files errors format transform distributions pcd
3017,programming language
3021,hearing robot linux
3026,files world tracks roads
3027,update pid-controller
3029,cancellation
3032,irb robot jacobian
3035,formation robot
3040,model drive robot inverse-kinematics
3043,problems frequency pid
3049,state-machines conditions roby
3052,weird gears autodesk inventor
3058,shields
3062,shaft crank motor
3063,ukf
3066,lift multirotors capacity guidelines
3069,quadcopter freedom degrees
3071,distance line mahalanobis features
3073,ekf data association
3079,net plc method
3080,quadcopter phone arduino
3088,filter min result particle numbers
3090,ardupilot mavlink packet
3091,default source autoproj
3098,measurements system
3101,motion velocity model robotics matlab
3102,dof robotic-arm
3104,correspondences localization
3105,turnigy esc
3108,function inputs
3110,ros practices
3116,problems event emission monitors
3117,device points pin
3118,model jacobian transforms observation
3121,wheels omni
3124,control watts pid motor
3125,application object system classification
3132,singularity sensors localization
3133,pcduino openni
3134,simplecv integration
3137,quaternions quadcopter stabilization loop
3139,convention
3144,manipulator inverse-kinematics robot
3145,actuator stop motor
3150,visualization lib script vizkit environment envire rock ruby change
3152,head git autoproj
3155,ways velocity
3159,create powers launch
3160,create ros
3162,inconsistant state pin
3164,edge autodesk inventor
3166,likelihood estimator data association ekf
3170,path comparison
3172,changer gripper robotic-arm
3173,control velocity vibration
3178,system
3181,positions hand roll angles pitch
3183,magnets motor
3188,plotter parts
3200,link manipulator torque
3206,reprap stepper motors
3207,microphone tasks speech recognition
3208,control speed concepts
3209,sensor inventor data simulation
3210,production lines hungry power
3216,design
3218,actuator
3222,impact object point
3225,android devices arduino
3227,actuator mcu
3231,actuator force motor choice
3233,gearbox gears robot
3234,interaction robot language
4238,water software passage
4239,pid method oscillation
4247,quadcopter output altitude motor
4255,mechanics line production software
4256,acceleration imu drive parameters robot
4261,stereo camera baseline calibration
4263,python graph toolbox visibility
4265,limits rotation robot workspace
4266,camera data calibration
4270,pong ball ping solenoid
4271,controller
4277,body screw difference motion wrench
4281,type mechanism
4285,ekf slam matrix sparse
4287,odometry fusion issue
4288,compass wits
4295,landmark localization parallel robot
4296,distance camera calculate
4297,stereo system micro-controler robot processor vision
4299,arduino actuators setup driver motor sensors
4303,quadcopter obstacle
4307,stepper
4308,mecanum wheels difference types
4312,gnss accurate centimeter satellite gps
4313,integration time
4316,building design components
4318,controllers position motor velocity
4323,drive system
4326,actuator torque thumb rule overhead
4327,drawer technique
4329,machine aluminium budget
4336,control position wheel drive robot
4340,matlab block robot
4346,line matlab centroids
4348,spi beaglebone latency
4357,device mat
4359,baseplate cutter laser robot diy
4360,computations frequency gains computation
4362,engineering automation
4364,scara manipulator parameters
4366,origin pole pid system
4369,field navigation
4370,instances component network rock
4371,precision
4379,control torque monitoring servo
4380,motion needle mechanism object
4384,shaft translation data encoder
4385,web line raspberry follower cam
4392,ekf slam mahalanobis distance
4393,path alogorithm planning
4394,double-shaft motors
4395,counts quadrature encoder
4396,ros skid robots
4398,machine computer vision
4399,baseplates wood laser robot power
4405,encoders expression
4409,quadcopter altitude stabilization z-axis
4410,odometry rover
4413,arduino power supply
4414,control raspberry motor arduino
4415,environment testing drones
4420,models environments
4424,comparison slam algorithms
4426,vibration
4427,magazine journal newsletter charge
4430,heuristic
4435,fields computer features vision
4439,control raspberry servo finer
4440,environment laser
4442,turn wheels spot robot
4447,motion velocity slam models advantage
4449,landmarks assumptions algorithms nature slam
4456,modulation position controls
4463,tricopter motor
4465,quad yaw difference attitude rotor
4467,marg yaw concepts ins attitude pitch sensors roll
4469,image resolution size
4472,mac program detect board
4474,valve servo
4476,beep problem blink
4477,altitude imu
4486,ackerman model
4487,navigation systems
4488,programming language
4489,imu unit
4492,control curve motor
4496,translation jacobian
4498,alarm robot
4504,quadcopter
4510,lanes processing camera matlab type road
4511,dof imu euler angles
4513,particle robot filter range logic sensor
4514,maze pledge algorithm robots
4516,flowchart robot
4520,track odometry fusion sensor
4523,slam kalman-filter
4526,quadcopter problem
4531,esc purpose
4533,bridge arduino
4536,distance angle calculation yaw pid drone sensors
4540,line sensor proximity
4542,quaternions velocity derivatives
4545,controler board arduino
4546,badminton mechanisms robot calculations
4554,kinect application computer
4555,lift reverse mechanism
4558,quadrotor algorithm simulation
4562,filter equations
4568,quadcopters
4569,grade tile consumer cnc machines
4573,case laser probability particle beam model
4575,regulator output error
4577,pololu driver shield motor arduino
4578,development robot kit
4579,quadrature counts encoder
4580,cons mount pros slider location motor
4583,cost alternatives lidar
4587,actuator state
4589,particles implementation filter particle
4591,color sensor robotc error
4592,wheel control brushless motor servo
4595,beacons rangefinding
4599,landmark uncertainty
4607,quadcopter fluctuation roll pitch
4608,function set transfer plane aka estimation points
4609,range sensor accelerometer accuracy
4610,joint axes kinematics parameters
4612,arduinos
4625,robot dirt
4627,drone computer
4632,parts motor
4635,control compressor air pressure
4639,sensors roboticists
4642,load servo precision motor
4648,dynamixel servo mega arduino
4650,sonar landmarks slam
4656,controller over-voltage speed
4657,function controller speed reverse motor
4658,battery lipo
4663,states output lti
4672,path planner wave
4674,motor thruster
4675,position controller quadrotor
4677,yaw accelerometer gyroscope
4679,angle yaw drift
4682,magnetometers advantage computation
4687,control algorithms tricopter simulation
4688,acceleration formula steering robot
4689,distance ball transport
4693,tennis court movement
4698,interface multiple slaves
4699,self-recharging robot
4701,question pid-controller
4702,advice sentry gun servo
4704,quadcoptor
4705,amperage motors
4706,terminals diode capacitor motor
4707,weapon disk
4713,disk increments rotate
4715,morse question robot pymorse simulator
4716,weapon motor hobbyweight
4717,point scene surface traffic cloud road
4721,outputs motor copter speeds quad
4722,efficiency specs motor multi-copters
4723,lx-ug compatibility issues
4724,algorithm
4725,representation multi tree robots agent
4726,ros
4734,sensor robot
4738,motion primitives
4741,subproblems
4745,transformation matrix
4749,survey navigation
4750,control
4754,ros laser robot slam
4755,parameter denavit-hartenberg
4759,rover height rock
4761,wireless smartphone gps
4762,beginners materials robotics quadrocopters
4764,rate displacement change
4766,power devices beaglebone
4771,robot room
4775,lights image processing
4782,battle switch robot power ground
4784,import gazebo robot error
4787,rotation translation finds
4789,velocity obstacles
4793,controller approach error
4794,controller motor calibration
4796,joystick tank mode drive
4797,controller risk motor
4798,rnn pid-controller
4804,question
4808,input esc pid-controllers
4815,pins scl sda gpio
4820,characteristics motor
4824,control plant flight controller position model
4827,model identification motor
4828,voltage motor
4829,max torque motor
4830,power motor voltage
4831,torque reduction speed
4832,relate torque
4836,yaw
4840,power lots screen robotics battery computer computation graphics keyboard
4843,orientation scene
4847,quadrotors controller mode
4853,batteries board motor arduino
4855,filter range sensor particle localization
4857,rotation cables
4863,robotics system vision time
4866,motor stalls
4872,calculation problem roll pitch
4873,swarm auvs simulator
4874,swarm auvs middle-ware
4875,code lightsensor arduino
4880,interpreter
4885,quadrotor ros
4888,pattern robot figure microcontrollers
4890,brain
4891,quadcopter hovering problem
4897,circuits sensors integration texture
4900,effector angle inverse-kinematics
4901,parameters logic
4902,regulator microcontroller hang
4903,versus actuator worm friction gear
4904,garage assembly lines
4911,poultry robot
4913,increase gyro rate problem
4914,map robotics png simulation
4928,spring latch simplest
4930,battle chassis robot materials
4933,switch suitability purpose power standards
4934,implementation laws
4937,nxt robot lego
4939,escs multirotor
4943,servos robot
4944,nxt
4946,correction angle
4948,water submarine screw isolation
4949,robot
4953,performance rate response escs
4954,machine raspberry rev beaglebone
4955,control comparison methods motor efficiency
4956,kind slam lidar
4958,interface program usb
4959,servos robotic-arm
4960,moving vision vehicle
4965,motor arduino
4966,wall robot
4967,wall robot
4972,beacons work location angles area
4980,programmed
4983,freedom dualcopter degree
4986,control integrator
4987,heading robot
4990,source esimation implementations ekf
4991,seamless motor movement
4994,platform
4996,battery nano quadcopters
4998,navigation simulator
5001,flywheel power gyroscope
5006,position level
5011,mobile-robot state model space
5014,control icub circuit robot asimo
5016,control laser meter
5020,robotics
5023,position slam accuracy localization
5028,system movement
5031,app console connect stream mplayer
5034,control ros robot circuit
5036,force system
5037,model values state space
5039,method localization
5041,integration msp
5044,sensors
5045,state space model kalman-filter gyroscope
5047,circle arc robot centre
5053,imus pixhawk
5058,loads inverse-kinematics
5059,method robot
5062,gearboxes motors robot
5068,gripper simulator
5071,sensors plastic range transparent
5074,cape-bone-iio lacking arm devices
5079,syringe pump
5082,quadcopter
5095,trajectory controller
5097,robots number surveillance
5099,standards safety robot software
5103,pictures lcd screen arduino
5104,cell simulation plc software
5106,rubber latency experiment hand
5108,micromouse program ish
5109,wireless distance communication
5110,magnetometer algorithm calibration
5111,path planning arm trajectory
5116,quadcopter control pid solution
5118,position servo
5126,apm planner file linux
5130,pid quadcopters
5132,create payload weight accessories
5133,create knowledge kid
5138,beaglebone
5140,simple position sensor hand
5148,bevel step motor calibration
5149,trajectory quadrotor
5150,method temperature
5152,wheel robot arduino
5156,sun degree accuracy
5164,message ardupilot mavlink
5169,state error space
5171,controller flight
5178,machine motor choices
5180,robot location
5182,razor arduino-uno imu
5188,reduction camera system vision compound
5189,depth sensor arduino
5192,alternatives dirt sensor robot vacuum
5193,life localization applications slam time problem
5196,brushless controller motor updates
5199,goal babbling
5201,wheel power
5203,vector weight cosine components problem sine rotation
5208,controller algorithm analog
5209,ratio motor
5214,work mechanism counter
5218,guy robotics
5220,brick
5223,approaches robotics problems
5224,motors
5226,robots
5227,body motion robotics theory book
5229,acceleration model robot
5238,implementation bound branch jcbb data compatibility association
5240,interface specifications create discrepancy logic
5248,blade motor
5250,alternative relay
5251,outer feedback frequencies influence controller loop
5255,function return
5259,loop
5260,problem refueling controller sketch feedback
5261,control program multiple robot points
5267,actuator gears questions robot
5276,robots bipedal
5279,shaft motor encoder
5282,arducopter code
5283,odometry dataset
5292,robot crates
5293,cars
5300,project linear power supply
5302,arduino code keyboard
5307,camera beginner
5310,sensors image high-resolution board arm
6310,antennas type
6313,quadcopter moment inertia
6314,ttyo beaglebone arduino
6315,estimation set edges points
6322,jetson tegra
6323,batteries multirotor motor
6325,definition kalman-filter
6327,hexapod beaglebone power supply
6328,language beaglebone
6331,power motor
6334,odometry depth
6339,plot bode
6341,question level
6345,battery raspberrypi microcontroller system robot
6348,function sensitivity
6351,accounting motors error
6355,inaccuracy position loop latency
6356,grid dowels movement
6366,xbee range
6367,location accelerometer orientation gyroscope space
6371,arducopter programming
6374,message ros startup
6382,effector velocity angles position
6383,pcb making home
6386,advice robotics
6395,camera frame rectification rate calibration
6398,noise driver motor
6405,difference dynamic constraints
6406,control state space
6408,reprap motherboard rambo drive
6409,atlas ide robots
6412,running servo beaglebone ubuntu
6417,problem pid-controllers lqr pendulum
6418,landspeed underwater
6423,filter function particle weight
6428,phase sensor rpm shaft
6429,calculation complexity mapping probability
6430,toy work pull-back
6434,yaw estimation robot kalman-filter
6436,wifi robot antenna
6437,raspberry robot power
6442,esc angles
6445,ways direction motor
6446,algorithm
6447,optimization role
6452,fuses systems
6459,calculation frame
6462,pins autoboot jack beaglebone vdd
6463,touch odometry slam sensor environment
6467,interview robotics
6469,wheel actuation style curiosity
6471,sensor
6475,pioneer price
6476,hardware laptop custom
6478,rocker angle bogie system pitch suspension
6488,wifi remote
6493,control robot motor
6495,image microcontroller jpeg usart
6500,matrix transformation
6508,computer power vision
6510,quadcopter pids
6511,type servos robot robot-arms
6515,distance camera obstacle detection computer sensors vision
6516,duty torque motor cycle
6522,trajectory setpoints pid-controller
6523,position problem controller motor loop
6526,question
6531,hobby servo axle
6532,scope electronics robotics engineering automation
6536,pump system motor
6541,pru beaglebone questions
6544,rotation motor
6553,ability language create robot computer integelent
6560,sensor metal pin arduino
6564,body dof imu matrix
6565,controller beaglebone servo
6566,image processing navigation feedback
6570,position fusion data dof ahrs
6571,mice kalman-filter encoder
6572,actuator kind forces distances
6575,load tension claw
6576,teach robotics jargon
6581,kinect stereo camera
6583,wifi bot channel
6586,product manipulator convention kinematics formulation exponentials
6587,frc roborio eclipse wpi
6590,quadcopters
6592,controller pwm hho brushless motor
6593,info quadcopter guidance project
6596,robotics suggestions beginer
6597,model kalman-filters measurement
6599,product matrix robot twist kinematics exponentials
6601,controller code servo
6604,zigbee wireless mesh modules
6606,tether robot
6607,practice ros class service options
6613,limbs robots
6617,trajectory
6620,manipulator parameters package axes robot software
6622,khepera
6624,plate sensors ball
6632,ros issues
6639,landmark
6642,time-varying lyapunov systems analysis
6643,hover
6648,robot
6649,control imu robot
6650,rtai microcontroller linux
6651,pollenators
6652,python node topics ros subscribe
6657,equations system
6659,information graphslam matrix constraints
6661,magnetometer
6662,position
6667,platform suspension
6672,landmark uncertainty sensor
6673,quadcopter rate controller
6674,specifications roomba drive motor voltage
6680,project topic surgeries details
6683,motion trajectory difference planning generation
6686,interface incoming create data spec
6694,body manipulator link robot jacobain
6696,control velocity feedback motor
6700,quadcopter
6701,streaming camera drones
6703,rocker system angles bogie
6705,proximity human
6706,acceleration command motor
6708,computer board
6714,cheapest
6715,robot coordinates
6720,quadcopter raspberry thrashes speeds
6721,idea robotic-arm
6733,drift imu dof arduino
6739,epilog printer laser
6740,equation correspond coefficients
6741,depth data methods
6750,underwater work compass
6754,terms matrix script robot dynamics model inertia
6764,motionapps library mpu data gyroscope axis
6765,source quadcopters software
6767,magnetometer velocity object
6772,control microcontroller board crazyflie
6776,man robot iron jarvis
6782,commands
6783,equipment robot
6784,motors stepper robot type
6787,workshop
6791,patterns walking scout lynxmotion
6792,system pid-controller
6801,interface torque constraint
6804,gyroscopic data
6807,motors board
6808,imu data reduntant
6810,filter step particle
6816,roomba state operating mode
6817,controllers question
6818,control
6821,proportional
6822,quadcopter transmitter yaw pulse link angles pitch roll
6824,controller piv
6826,difference motors precision gear
6829,scaling robotics datasets factor
6831,py openinterface
6833,webserver connect
6835,pullup sufficient beaglebone
6837,rpi esc brushless motors
6838,implementation wall obstacle avoidance
6842,mass robot-arm center matrix
6843,distance sensor rates
6844,quadcopter aerodynamics
6845,source components recommendation
6846,mega arduino
6849,graph optimization
6852,specifications create irobot
6853,dock command
6854,specifications battery volt time
6859,problem pid-controller
6860,burnt
6862,time rpm motor encoder
6863,wireless classroom technology robots
6869,distance create roomba problem
6870,create irobot matlab
6880,detection stereo computer robustness vision
6882,acceleration velocity
6890,selection motor calculations
6895,information slam compute matrix
6896,orientation error
6900,motors issue power motor jumper
6905,slam noob questions
6906,propeller motor size
6908,covariance matrix
6909,landmark updates jacobians
6910,parameter
6913,diagram form block
6918,robot-arm solution
6922,thrust quadcopter yaw
6927,robocup robotics advancement events
6929,commands
6931,gyro imu simulate accelerometer data
6934,sensors eye glasses
6936,positions robot
6942,cameras
6944,obstacles
6945,function tranfer controller
6946,hinge square sides
6952,maze image bitmap
6953,output euler angles gyroscope
6955,arduino move locations robot
6956,sensors slam
6957,quadcopter micro problem pid
6969,wireless underwater sensor network
6979,question window approach
6980,lan beaglebone
6982,over-correcting
6984,noise algorithm
6985,adapter beaglebone
6987,thrust engines
6990,polyethylene
6992,java pid-controller
6999,quadcopter frame design
7002,mavlink character
7004,control eulers ode systems
7008,battery robot lipo lifepo
7012,stereo vision
7014,features factors price hardware computer vision
7016,perception
7018,create connection
7024,rover encoders
7040,odometry data projection matrix
7043,pids quadrotor
7048,depth camera view
7050,scanning camera questions choice
7052,control mode parameters robotic-arm
7056,robot
7057,esc motor beaglebone
7059,object
7062,create angle packet
7066,technology robot-arms
7067,raspi servo
7068,connection soccer competition strategy
7069,breakthrough
7070,jacobian robotic-arm point
7073,receive
7080,quadcopter board discovery
7089,drone robotic-arm hand
7091,construction design
7095,image sensor integration robot
7097,instruments controller crio xbox
7099,difficulty specification
7105,rpi controller ros multiwii
7109,robotic-arm
7110,read hc-sr
7111,mill kinematics robot cnc
7112,type motors robotc
7116,stepper speed
7120,ti-sensortag displacement
7121,create angle measurement
7124,accelorometer ball motion flightpath velocity gyroscope
7125,circuits motors
7128,distance point robot position
7129,rotation direction
7137,attitude estimation methods
7138,pins openrov motors
7139,function transfer ptu tracking
7140,difference slam sam
7146,control position speed purpose
7148,load shaft motor
7153,feed communication transceiver arduino time
7156,stm timers
7158,
7159,light sensors camera outdoors
7161,speed image processing issue
7163,hand eye calibration
7165,control robotic-arm
7167,rubber pvc torque
7175,project suggestion microcontroller processor language
7176,raspberry servos
7177,windows gazebo works component show
7178,robot system
7181,problem inverse solution robot
7186,signal servo analog
7188,filter velocity matrix angles linear
7189,date create reading sensor
7190,cheap sensor
7194,question beginner calculations software
7198,model tank robot
7199,placement gains
7203,building sources education robot
7206,building quadcopter
7210,education robot recommendation
7212,function transfer estimate stepper motor
7215,sensor reading values
7216,ways distance robot
7219,issue create bytes
7221,difference systems localization
7225,force winch sensor
7226,read input frequency values
7227,machine micro cnc
7229,create counts encoder
7230,constrains identification system
7234,dense energy rockets model times
7235,controllers position quadrotor tracking outer
7242,rov ballast
7243,disparity library vision computation
7244,problem shutters
7245,burrito quadcopters
7249,quadcopter controller flight
7251,packets bug encoder
7254,robotics projects
7256,tube liquid level
7265,control pid module
7266,quadcopter avoid
7270,load battery speed motor
7271,gps camera drone
7277,beacons respect angle distance
7278,featherstone actuator model force body
7287,odometry dead-reckoning
7288,motion control quadrotor clarification
7291,matlab vision
7294,quantities powder liquid
7295,sensors obstacles robot
7297,home notebook arm
7308,motor
7311,robot
7315,motor
7316,motion camera
7317,cards playing vacuum
7320,position fingerprinting estimation photo
7327,integers libusb
7331,control quadrotor task position model problem
7333,escs stop
7334,base design robotic-arm
7339,timing belt
7344,position image estimation camera
7349,camera arduino
7358,camera suggestion
7359,control image processing motor
7361,application robotics idea
7363,difference robots
7378,piston motor
7383,configuration robotic-arm space
7384,alloy compressor alternative refrigerator
7385,phone camera scanner
7386,mechanics introduction craig examples problem transformation
7387,hector slam algorithm
7388,model algorithms localization
7389,chess robotic-arm
7395,simple circuits connection
7397,hardware beginners stereo camera
7398,windows toolbox matlab lasers
7400,quadcopter torques force conversion cycle
7403,openslam ekf code slam org
7406,create program
7409,communication libusb arduino
7411,gate vehicles time
7415,quadcopter duty conversion pid output cycle
7416,packages intelligence university step education software
7423,communication link
7429,time
7434,control admittance stiffnesses devices stiffness impedance incl
7438,graph
7440,control toolbox root matlab locus
7445,controllers quadcopter control angles
7449,behaviour roomba
7450,math
7454,quadcopter presence imu gravity location
7456,arm inverse-kinematics
7457,comparisons architectures
7460,lift capabilities
7462,quadcopter capabilities lift safety rotors cages
7463,platform wrist joint
7470,wrist inverse-kinematics
7472,servos
7474,sample rate speed encoder
7475,control raspberry motor
7483,transform
7485,matrix system simulation state matlab input
7486,battery power circuit
7489,circuits panels power
7491,batteries power
7493,body stereo angle camera pose discover vector vehicle
7494,spring stiffness
7497,micro torque coreless motor
7498,model physics fusion measurement
7499,stepper configuration driver motor
7502,control velocity position actuator
7506,connectivity array code bits map
7507,design circuit simulation
7510,velocity estimation
7513,frequencies drones
7517,ekf monoslam
7519,ekf inputs pose velocity odometry
7521,torque calculate motor drive
7522,highspeed brushless gearbox speed motor
7533,ipc middleware robot multi-threading
7534,quadcopter odometry stabilization
7535,person room presence
7537,craig robotics reading book transform
7542,advice starter
7547,pid sensor data
7549,duo question cameras bumblebee experience module
7552,communication resistor
7556,mini recorder parts heli
7557,kinect xbox
7558,filter problems imu
7560,sample controller design system time
7564,robot
7565,trajectory robot reference
7570,transformation parameters matrix
7575,forward translatory kinematics motion dh-parameters
7578,quadcopter fusion parameter orientation algorithm
7580,field sensors driving view
7588,mindstorm
7592,rotate angles axis
7595,timing stm irqhandler
7598,rotation robotic-arm
7600,kuka robotics ide
7607,quadcopter throttle side
7612,control servo dof board hexapod raspberry
7613,area mapping mav
7615,acceleration problem sensor
7617,stm uarts
7622,model
7626,performance methods
7632,project building skateboard
7633,control quadcopter brushless speed motor
7634,beginner arduino
7640,control position gains motor velocity
7641,robots formats
7644,filter top planner
7645,filter imu
7647,ros camera problems calibration
7648,create sensors
7652,motion
7656,roomba wall work glass sensors cliff
7659,cameracalibrator ptam error
7660,boustrophedon room algorithm obstacles
7662,specifications quadcopter propellers motors
7664,actuator position types piston
7666,report reference
7670,kinect
7671,stereo cameras
7672,battery equipment icreate power
7678,battery power
7680,motion detection sensor positioning arduino
7682,control robot-arm
7685,xy-stage
7691,simulators
7694,freedom degree
7698,rpm relation voltage
7703,increase rate system
7705,filter variance algorithm particle
7708,top door opening
7710,robots algorithm
7712,roomba
7718,hardware operations
7720,naze numbers
7722,control reaction space system module lunar shuttle law type
7723,model solidworks matlab simulation
7724,rotation matrix axis
7728,orocos bullet simulation project ros gazebo
7729,simulators gazebo vision perception
7731,robot-arms
7735,life battery quadrotor signals time estimation
7737,building parts alignment
7739,maze dijkstra
7741,moddeling robots
7757,calculus robotics
7760,application fri client lbr iiwa
7763,representations parameters robot-arms
7764,blade wire
7765,battery drone question
7766,duty mapping cycle
7772,signal
7774,position robot
7778,control voltage motor pwm speed analog
7781,actuation size steps time
7782,sensors buddy
7786,joints
7790,speed dspic network motor
7791,thrust measurement
7794,robot
7795,udoo cross cable ethernet
7796,torque
7802,landmark covariance matrix
7803,filter frequency component gyroscope pass
7809,materials robot structure kit
7815,shelf magneto ins fusion location output gps sensor speed solutions
7816,displacement accelerometer
7819,quadcopter length arms
7823,position type
7825,device laser location
7828,brushless motor
7829,wheel program omni
7831,work angle
7832,position direction measurements kalman-filter
7837,calculation type robot-arm servo
7838,design architecture
7841,localisation environment camera
7850,series emax esc arduino
7852,micro futaba olf
7853,pid system
7855,flash microcontroller size
7860,turtlebot create cable
7864,motors
7870,simple fusion estimation sensor
7872,environment experiment servoing simulation
7874,create backwards irobot forwards
7877,paper kalman-filter
7879,kinematics
7881,fluid
7882,representation hartenberg denavit z-axis
7883,uart values message imu simulink
7884,detection v-rep
7886,jacobian
7889,kinematics pendulum
7894,question beginner
7895,create sleep
7896,rpm motor
7903,servo motor degree
7910,animals stream opencv video images software
7912,project create tablet
7913,control system
7915,arduino compatibility shield
7919,xbee telemetry apm
7920,solution arm inverse-kinematics
7921,sensors robot localization
7925,positioning sensor
7928,path planning
7930,battery charger tech imax nano
7937,ekfs
7940,sensors recommendation attitude precision measurement
7942,wall sensors lidar
7944,setup compatibilty
7945,combinatorial
7950,rotation imu axis
7953,calibration eye hand solver
7954,book mechanisms
7959,line follower
7964,mega-quadcopter hand calculations formulaes
7966,data projection laserscanner
7968,values
7969,erector motors servo sets
7970,create upgrade firmware irobot
7972,hockey air robot opponent
7983,connector force insertion
7992,detection distance vehicle
7993,x-ctu series talk
7995,ceiling camera depth
7997,servos positioning
7998,lincoln robot mig
8001,button create
8006,quadcopter
8008,image matlab algorithm
8014,mobile-robot arduino
8018,text quadrotor book
8019,indoor positioning system
8024,quaternion contoller
8027,covariances display
8028,robots
8033,robotics simulation
8038,quadcopter crazy raspberry drifts
8043,parameters
8044,ways force air
8045,rotation matrices composition
8047,ki kp kd
8050,battery create power
8051,ball speeds
8053,transformation matrix
8054,remote shades motor
8056,balancing robot motor factors
8058,acceleration obstacle robot sequence
8062,khz receiver
8065,ins integration solution
8077,acceleration path yaw angle reconstruction
8080,things roomba robot
8082,wifi robot module zumo
8087,pin cable
8094,control cubli
8096,control time sensor display system
8100,technologies legs
8103,servo
8104,position servo change time
8106,mobile-robot positioning
8107,ways engineering practice kalman-filter
8108,bldc esc motor
8111,control multiple effects
8112,create irobot
8116,optimization covariance
8118,sensors mcu
8120,device tap response
8122,battery petrol gas robot generator
8124,control inputs
8127,usb arduino
8128,quadcopter brushless motor
8129,robots
8130,path line planning
8133,explanation
8134,cameras tof interferences
8140,nxt mindstorm arduino
8142,high-traction tires moderate-traction
8144,battery motor generator robot
8146,topography slam
8150,magnetometer orientation
8152,quadcopter thing pid axis
8153,code
8160,interface arducopter implement
8162,ubec batteries
8165,detection opencv confidence level vehicle
8168,pid motors speed axis
8171,reachability pose space
8181,rotation motors
8182,image processing
8184,router mill difference cnc
8186,position wire robot
8187,control dof dynamixel ros arm simpler
8188,code roomba error
8191,lock rotation matrix angles
8194,quadcopter frame motors
8196,camera ros calibration
8199,electricity wires columns contract
8202,direction matrix covariance shrink
8204,velocity end-effector
8207,quadcopter stability error lag sample time
8209,output motors
8212,units pressure
8213,control model robot
8220,plate center offset
8222,velocity state
8223,track alvar message pose ros
8225,choice camera sensor lidar
8226,zero-turn tank system vehicle
8228,phone flight copter module
8229,hobbyist dof motors
8231,quadcopter settling time
8234,quadcopter controller premade flight custom
8239,machine fusion vision
8241,actuators robots
8244,ethernet hokuyo scanner
8245,datasets drift
8247,rotation velocities matrices
8250,angles measurement
8255,odometry accurate
8261,festo controller error fail mitsubishi display
8262,camera video processing drone
8271,motors rov
8272,joints ros
8273,angle sensor robot
8276,setup robot parameters constraints
8277,control joints bandwidth systems
8279,ways rate drift gyrometer
8286,phone arduino-uno usb cable
8288,motors dimensions
8289,knob pot crock turner
8292,simulink aerodynamics simulation matlab model software
8293,maze line robot
8294,funtions odometry simulator
8296,machine gazebo matlab
8302,motion path difference planning
8310,theory robotic-arm
8313,equations robot motions system
8319,velocity spikes gyroscope
8322,switcher idea card
8327,velocity
8329,discontinuities angle
8331,plot robot linkage clock
8333,stability relation placement
8337,fri program java
8340,thrust quadcopter motors
8343,create pause messages
8345,quadcopter parts
8348,stm microcontroller board
8350,differences design arm
8354,quadcopter pid
8356,output voltage
8357,actuator robot
8361,effector velocity velocities joint
8363,create irobot
8365,device microcontrollers
8367,navdata ardrone reading error
8368,parameters
8369,create port power
8371,scheme vector drive
8372,hartenberg denavit parameters
8375,sensors detects animals
8376,gyro bubble centre
8378,control torque servoing
8382,position degrees motor degress
8387,control trajectory manipulators
8389,implementation code inverse-kinematics
8391,distance range robot
8394,sensor arduino-uno module
8399,firmware
8400,camera rgb ball depth coordinates
8403,camera mirrors
8406,camera wifi feature samsung
8407,propeller drone hope
8411,singularities space
8417,pcb servo
8418,pose robots
8419,python code dof matlab works
8420,force servo
8421,raspberry motors
8425,acceleration earth attitude quadcopter relationship
8426,denavit hartenberg manipulator dof parameters
8427,battery charger multirotor lipo mah
8428,stepper salvage pinout motor unsure
8432,sensors slam
8438,rotation panel
8443,create code learner cable
8444,sound roomba
8448,control quadrotor system
8450,control bldc motors
8451,modular modules robot components
8452,track train method
8455,surfaces distance sensor
8457,files create cad
8461,line muscle fishing circuit
8462,shutter window sliding
8463,velocity
8466,supplies robots power
8470,platform sbc manufacturer
8471,elements robot simulation
8474,decoupling
8475,draw motor
8480,feedforward control difference feedback
8483,servomotors
8486,quadcopter
8487,create sensor cable readings
8491,orientation robots
8499,image camera features pose servoing
8500,kinematic
8501,servo leg
8510,approaches positioning robot
8511,engineering problems robot
8512,rotating shaft options encoder
8516,matrix yaw pitch rotation parameter roll
8519,control heat fanuc
8522,modeling simulation recommendation mechanism software
8525,stability problem quadrocopter
8526,interface device driver motor
8527,propeller brushless
8538,wookong-m transmitter gimbal receiver
8539,signal resolution
8544,control inverted-pendulum
8546,detection collision gazebo clouds point
8549,parameters decoupling
8555,trajectory planning algorithm jerk
8556,width length line robot
8559,function devices software
8561,mirror autodesk inventor
8562,balancing humanoid
8565,velocity link respect
8570,wall avoid obstacles calculate robot
8575,robotic-arm
8579,output pwm values change encoder
8580,adapters power arduino
8585,callbacks ros data
8586,distance setup speed robot measure
8590,object sensor measure height
8592,quaternions manipulator orientation
8595,mcl fastslam occupancy grid data order
8596,picture
8598,comparison systems
8600,depth ros data duplication
8601,sampling pid-controller time
8605,batteries shock robustness resistance lipo
8607,implementations source fusion imu sensor gps
8611,iphone
8612,engine combustion remote
8617,problem pendulum
8618,robotics advantages
8621,transformation matrix
8631,imu compensation sensor
8636,sum pid-controller error
8642,device discontinuity orientation
8644,outdated
8654,joints equation
8657,quadcopter perception gain p-gain correct
8661,trajectory torques lagrange-euler
8663,brick program ball
8665,color sensor alternatives
8667,point
8670,manipulator
8671,issue robocup
8673,conveyor automation library belt
8680,position data accelerometer
8684,device acceleration control interface
8686,draw port icreate
8689,thrust quad voltage max
8692,max brushless motor
8693,odometry differential robot arduino
8698,escs quadcopters
8700,osciliations inverse-kinematics
8702,malfuction motors
8703,study pixhawk imaging hexacopter area
8704,device transmitter
8705,problem sensor hc-sr
8709,angle dof path array birrt configurations
8710,model ros rosberrypi raspberry
8711,quaternion eigen rotation library matrix
8717,freedom degrees solution
8719,training shape tree regression face
8720,algorithms robot
8722,microcontroller
8726,phantom quadcopter auto feature project dji home
8728,shaft installation motor
8731,commands
8732,magnetometer values
8742,shaft motor
8748,phantom inverse-kinematics solution
8749,robot-arm networks
8751,estimation kalman-filter algorithm
8752,activation spray
8757,implementation
8758,motion robot
8761,graph planar traversal
8763,create
8765,pepper apps robot
8768,plate
8775,wheel screw cog shaft
8779,msmo motor hook-up
8785,roomba byte opcode schedule
8786,quadcopters battery ion hobbyists lithium monitors
8787,solution power robot
8797,construction extender plastic
8804,configuration
8807,metal pom fittings gears
8810,simmechanics gazebo
8811,battery work lipo
8816,wheel create board replacement
8818,position accurate technique
8820,project front arduino wheel axis
8822,bricks plastic
8823,battery mah power
8831,state vectors
8833,control remote motor behavior grounding
8835,vector transformation
8840,circuit
8842,path system rtk
8844,door motor
8845,insulation maintain exchange air
8849,camera pid parrot objects drone
8852,quadcopter
8855,collision hexapod robot ground
8857,position camera gps
8860,density rate random noise mpu
8863,chip antenna
8866,origin frame base link
8874,rotate
8877,turn circle
8879,drone motors
8882,canny algorithm roadmap
8883,disk center robotic-arm
8887,kirobo humans robot sentences
8888,communication port
8891,drone values specs figure
8893,model gazebo plugin
8894,header printer makerbot
8895,control quadcopter measurements angle
8900,schur slam marginalization complement
8902,imu simulink sensor
8906,charger lipo panel
8907,dlr inverse-kinematics hand
8909,sensors line problem follower
8910,image rectification result
8911,caster kinematics drive robot
8916,quadcopter baudrate optimization program time execution
8917,signals sensors muscle raspberry
8918,canny silhouette method
8930,parameters
8931,odometry imu information
8934,hardware planning robots structure
8935,fails gazebo results
8938,bump light create sensor specifications
8940,exponentials product manipulator jacobian
8941,imu localization
8946,parameters
8949,control speed motor encoder
8950,wheel encoder triggers times
8951,transfer data gpio
8954,arduino motors setup stepper timing belt software
8960,control position trajectories
8962,bin assembly aerovac brush space
8965,rpi emitter
8968,motors torque pounds
8970,multiple cross devices passing ros message
8973,facing position camera targets ground
8975,barometer accelerometer altitude filter implement data order
8976,create mode
8981,create cable
8987,map slam error gmapping
8988,quadcopter calculations props
8990,equation drive robot
8992,matricies variables slam dummies
8994,transmission chassis motor
8998,derivative pid-controller kick measurement
9001,robot
9007,motors arm
9009,battery phone
9010,distortion practice protector
9013,dofs pose
9020,distance measurements angle calculate target
9022,function controller flight logic
9023,magnetometer orientation
9025,print material cost
9027,accelerometers robots
9033,joints work arm
9034,freedom degrees
9038,environment puma openrave robot
9039,switch mode usercontrol
9040,bevel gear shaft metal plastic design
9043,java programming filter rate limit joystick
9044,series create roomba cable
9048,turn backwards motor
9052,node control project
9054,equation mass matrix lagrange
9057,bearing
9063,create roomba thread size
9069,analogue video
9073,position robot determine room
9074,software ros system real-time
9077,quadcopter i-gain set
9082,mass location pendulum center
9090,troubleshoot recovery
9096,orientation graph quaternions slam representation alternative manifolds
9097,function plotter project
9099,angle reference algorithm space path accuracy
9100,humanoid mass robot center
9103,telemetry raspberry data board
9105,altitude lag barometer measurements acclerometer
9106,sensors books
9111,raspberry
9114,equation torque motor
9115,sphero
9119,behaviour xbee create
9124,motor hand
9129,function graph poses slam error
9130,ekf state vector
9132,transformation matrix orientation
9135,diode capacitor freewheel board
9139,control myrio create codes labview
9143,algorithms homotopy
9144,straight
9145,mechanics robotics list robot books manipulation
9152,inverse-kinematics calibration
9155,simmechanics catia
9157,sensor
9159,multi-rate fusion sensor ekf
9161,terrain yaw sensor
9163,controller
9167,environment collision openrave robot
9168,algorithm memory motion planning criteria benchmarking
9169,control error
9171,wheel data location encoder
9174,kind fruit sensor apple mango
9175,part robotics servo
9180,information differ exploration gain
9183,ekf landmarks slam prediction
9185,sensor flow
9186,controllers algorithm
9187,flow sensor
9194,quadrotor speed
9195,origin solidworks assembly
9200,implementation field vector python
9203,helicopter stabilization algorithm
9206,making create noise flashing light
9210,quadrotor difference blimp
9214,wireless mini camera
9218,interrupts segment display
9225,robotic-arms
9226,diagram quadcopter wind
9227,battery cells
9228,freedom arms degree similarity
9232,sensor driven communications trigger ready data
9233,kalman-filter dummies
9234,signals camera
9236,dongle
9239,profile velocity jerk space
9240,kuka lbr iiwa robot simulation software
9241,workbench package matlab compiler sunrise sdk
9243,function siso transfer robot system mimo
9244,ros
9246,robots simulation
9250,quadcopter controller
9254,quadcopter pure arduino
9256,valve check
9260,line ros robots follower
9262,topics perception
9263,dependent space
9265,action controller sensor gripper server
9267,lasers localization
9269,ardrone camera suggestions features types
9274,action path cost
9276,robotics algorithms papers
9277,tube camera
9280,singularity inverse-kinematics matlab
9282,phone power packs
9290,micro powder
9294,battery harbor freight lawnmower
9296,roboclaw gain settings
9297,rotation quaternion
9298,torque servo robotic-arm
9301,odometry methods
9302,output angle motor input
9303,rate lag sensor effect loop
9305,light create
9312,delimiter net
9313,lights fans indoor wall-corners
9318,slam drift mapping localization
9320,motion
9321,ekf equation slam time
9323,load servo motor
9324,quadcopter altitude pid position hold axis
9327,position quadrotor estimation
9334,syma laptop
9336,effector quaternion inverse-kinematics jacobian
9337,motion star planning variant mobile-robots
9341,stereo computer vision simulator
9342,zigbee fpv network
9344,geo-projection odometry
9346,place robot pick
9349,life data mocap robot
9351,food kind valve grains
9353,esc stop
9355,model balloon system multibody robot
9365,difference system
9367,acceleration torque relationship motor
9370,detection activation camera
9371,communication create mode
9372,quad-rotor classification
9373,drawbacks bias goal rrt
9374,object weight servo measure
9377,sensors model time matlab simulation
9380,map slam quardrant
9381,quadcopter
9382,design robotics books resources
9383,follow shape path
9384,methods pso
9386,angle circle tangent line
9388,clamp
9391,requirement slam odometer
9395,kuka update coordinates
9397,control winds weather drone
9400,reliability type motor cycles
9403,slam issue point
9405,load vex cortex motor
9409,magnetometer drone accelerometer gyroscope
9413,rrt algorithm
9417,battery robot power
9420,i-gain outer-loop
9429,flight drone formation
9434,edges imu-odometry
9435,object robot
9436,process gripper
9437,actuator torque pid-controller
9441,commands app serial
9443,chechcollison command
9445,shoulder robotic-arms finger hands arm axis
9447,rover
9454,brackets
9456,altitude estimation accelerometer
9459,robot
9463,pid quadrocopter
9472,system
9476,transmitter aircraft
9482,steel nylon sheet
9488,desire control cases systems loop
9491,braava jet
9495,interface create products irobot
9500,failure mac planner mission install
9502,data orientation gyroscope
9505,systems
9508,considerations actuators feedback robotic-arm systems
9512,control motor
9518,camera choose robot
9521,difference
9523,code microcontroller nework library msp
9532,propeller physics
9535,arm
9536,meaning writhe matrix sign
9538,symbol meaning dynamics equation system
9542,model meaning equation
9544,communication create
9545,indoor approach system robot
9547,control engineering drone algorithms reverse
9552,environment representation change invariant
9553,people room number
9554,quadcopter pid algorithm
9555,millisecond robot-create rate commands drive
9565,sensor
9568,cim motor
9569,simulink matlab analysis
9571,motors dynamixel gazebo
9572,function transfer quadrotor controller position
9578,versus create bytes number
9580,range sensor shape
9583,scale motors servo
9590,downgrade jade ros
9592,lite meaning star algorithm
9593,output odometer
9597,calibration
9600,origin pose transformations
9602,lite dstar algorithm computeshortestpath
9604,quadcopter calculation
9608,quaternion kalman-filter algorithm
9609,representation rotation angles
9615,rotations orientation error
9616,upgrade torque motor
9619,configurations
9620,control path mpc
9621,engine propulsion combustion
9622,inverse-kinematics robots
9625,filter localizaton
9629,quadcopter yaw component
9636,kalman-filter compass
9637,stop servo
9640,springs wheels
9642,difference system
9646,kinematics parameters
9647,battery rating configuration
9652,home model raspberry
9654,chassis motors payload
9657,model manipulator
9659,joint force robot
9662,version kinematic
9668,rays laser lidar
9669,actuator type
9673,follow beambot
9675,robot
9677,simulation rotation base inconsistent robot
9680,package ros rospack error
9682,ollo
9683,wheel mecanum
9684,create sleep mode irobot
9686,effector inverse-kinematics displacement
9691,object matrices generate transformation
9696,feedback occupancy histogram field vector grid position
9697,sphere angles
9700,implementation solution
9701,principle robot
9702,camera precision
9704,inertia motor tensor
9709,servo
9711,navigation algorithms testbed
9716,quality check robot
9720,model vehicle
9724,force signal results width matlab amplitude input
9727,position map gps point
9728,line angle follower
9729,dom freedom dof motion degrees diffrence
9738,quadcopter
9739,quadcopter flight controller data results
9741,explanation force principle
9751,forward acceleration smartphone vehicle
9752,ros-jade-desktop-full package
9754,controllers flight remote controls protocol
9755,acceleration position estimation integration
9756,differentiation step size
9770,implementation error
9772,implementation singularity inverse-kinematics
9776,transformation matrix inverse-kinematics
9783,rpnp algorithm point
9786,driving pid robot parameters heading
9797,wheel distance create base
9798,brushless drop voltage motor
9801,control latency laptop
9802,hardware gnss localization solution software
9803,communication pcduino
9819,dji
9822,ros intropection library client
9825,stability function quadrotor values
9826,wheel walking rimless momentum
9828,brushless spin resistance motor
9832,challenges hand
9839,device tag card-reader
9840,profile velocity robot
9842,diagram voronoi
9845,path planning interpolation
9848,path planning servoing
9850,gliders quadcopters
9851,slam camera requirements processor robot
9852,field certainty vector histogram
9853,throwing distance robotic-arm
9856,cosine matrices transformation interpolation
9863,collision configuration obstacle calculating space
9870,quadcopter max speed
9871,toolframe convert frame coordinates coordinate world
9876,battery
9882,function madgwick sensor issues
9890,framework create irobot
9891,create irobot cable
9892,instructions issues sequence
9893,chain matrix rule
9894,sensor speed accelerometer gyroscope position
9895,drone displacement dimensions
9899,sector set goal candidate point histogram field vector
9904,inverse-kinematics descent
9916,odometry term difference estimation
9918,ion batteries motor icr
9923,message ardupilot change interval
9925,field vector histogram
9926,uncertainty dof pose slam
9927,slam optimization error
9932,tasks interrupts metal controller bare loop
9935,nmsec force friction motor
9936,cell path decomposition
9937,direction encoding readings
9941,battery suggestion pack
9946,velocity pid-controller
9947,project dissertation computer drone
9951,control series force elastic actuators
9953,sensors kalman-filter
9954,fri studio aticombineddaqft
9955,hip designs leg robots experience types
9956,ekf slam
9962,linear system
9963,calculation distance obstacles robots
9965,part file cad
9967,model torque controller
9969,field sensors smartphone room
9971,windows commands create cable software
9972,leds code issue create
9978,input driver motor destroy
9985,algorithm point image kinect depth registration cloud
9986,load motors
9987,binary host arm target
9988,calculation velocity accelerometer
9994,stop robot
10002,control wmr mobile-robot
10003,circle
10004,squares inverse-kinematics
10006,ros robot
10007,function variation
10011,pendulum
10014,world robotics design
10018,odometry equation kalman-filter
10019,gyro line encoders robot
10023,grasping simulator
10026,field raspberry set location gps
10029,friction
10033,quadcopter hardware connections
10034,motion profile acceleration multipoint trajectory
10035,wheel frame handling robot drive
10040,quaternion rotation vector rotate axis
10045,information drone imu
10048,triple pendulum cart
10049,proposal question distribution algorithm sampling
10050,slam mapping localization software
10052,control position torque velocity
10053,load map gazebo occupancy
10056,motor robotic-arm choice
10059,ways fly propellers rotate
10060,load requirement constraint choice motor size
10063,printer freedom dof robot degrees rostock
10070,robots
10072,robot
10076,problem vex
10077,robotics components
10087,motion conversion task space
10088,control signals arduino copter pilot
10089,laser direction pointer
10092,raspberry arduino
10096,akku lipo
10098,map
10099,camera drone
10101,column sensor
10103,ics cameras
10106,opcode
10110,gyro data accelerometer
10115,motion odometry model
10117,create
10118,torque gearbox ratio motor robotic-arm
10119,control model temperature
10125,kind torque robotic-arm
10127,position pid goal velocity
10129,heartbeat mavlink telemetry
10130,touch hit
10132,motors board
10136,control create drive granularity
10148,drone technology
10150,contact gazebo points
10153,request data response stream apm
10154,bldc program motors behavior arduino
10159,icreate arduino
10167,output ardupilot sensor
10169,prerequisites ros
10172,sensor
10178,switch microcontroller
10187,naming regulators
10190,part force robot
10192,create rollover method encoder
10193,alternative
10195,arduino raspberry drone
10196,quaternions quadcopter controller lock
10200,sensor create reading values
10202,explanation reducer robot components
10210,quadcopter outputs motor
10213,triangulation rig stereo
10215,piezo multiplexers sensors
10220,quadcopter things
10221,altitude estimation
10224,landmark extraction algorithm
10227,alternatives line pid-controllers robots
10229,line motors robot
10233,coordinate data generate accelerometer
10237,sparking motor
10239,pitfalls sensor
10241,control characteristic pwm raspberry
10247,outputs doosan lynx
10248,sensor robot compass
10249,avoidance robot fence
10252,obstacle avoidance
10253,motors speeds servo
10256,robotic-arm simulation
10259,distance object
10265,quadcopter work startup copter market
10267,path planning dof arm robot
10272,camera stereo synchronization vision module
10277,screw doc create interface bosses spec size
10284,bldc motor
10285,wire stepper motor
10286,window question motor opening
10294,setup problems lidar
10295,node compressedimage image
10296,rviz transform camera link base error
10297,volt input ouput arduino
10301,books beginner
10312,stereo camera projection difference
10314,timestep torques simulation openrave output
10322,inverse-kinematics dof arm solutions
10324,robot time
10325,motors
10326,create slam
10330,environment position robot
10334,distance sensors navigation
10335,laser noise values scanner
10348,implementation quaternion
10350,kohonen robot maps follower learning line
10357,control rate drop gains loop
10367,battery
10369,specifications iphone compass
10371,tinyslam drift understanding breezyslam aka coreslam
10377,odometry raspberry motor
10378,quaternion data robot
10379,battery question explorer quadrocopter
10382,development odometry fusion imu kalman-filter data
10383,issue drivedistance
10387,interface drone
10388,functions gazebo ode
10392,distance angle sensor view
10394,motors model run speeds
10404,filter impoverishment particle
10407,particles interpretation particle filters
10408,map robot localization
10415,range robot-arm
10416,sensors robots
10425,distance sensor
10426,controller work flight basis
10427,relative position sensor body hand
10429,difference slam reconstruction
10436,rosberry difference builds
10438,create connectors
10443,detection stereo obstacle vision
10445,nameerror
10447,kinetic
10450,latitude conversion frame reference gps
10454,dmp physics
10455,wheels create
10461,battery measure diffrent voltages arduino
10462,carriage video linkage
10463,function reward robot learning
10467,nameerror sendcommandascii
10468,angle values computation
10469,yaw measurements heading rate
10471,roboearth difference knowrob
10472,reset create issue
10474,motion odometry model kalman-filter error
10479,equations observation kalman-filter
10484,motion equations system
10486,combine coordinates
10487,bike type motor
10490,charger bench lab power supply
10491,behaviour world examples
10492,robotic-arms toy
10502,actuators cost tablet arduino
10503,brushless outrunner motors cycle
10504,magnetometer precise yaw imu
10505,covariance check
10507,model robot parameters
10508,a
10511,magnetometer resource accelerometer gyro material fusion survey sensor
10514,relative model measurements robot factor
10515,quad mode components
10516,package driver-base
10517,powerfull kind motors robotic-arm
10519,math gait
10520,pair stereo features
10521,tracks robot
10523,position map lidar
10525,imu shield interferences
10527,decision parts number
10533,robot arduino
10536,mini difference revolution
10537,landmarks points lidar
10544,vehicle
10546,inputs robot locations
10547,audio robot
10549,raspberry solution power robot
10554,application motor
10555,stabilization system accelerometer axis
10556,quadrature signal motor
10561,quadcopter gimbal accelerometer system imu axis
10562,bycicle chain transmission setup robot efficiency
10567,program manipulator library inverse-kinematics
10568,actuators bots
10573,technique resolution
